{
  "summary": {
    "baseline": {
      "factuality_mean": 0.7778666666666667,
      "factuality_std": 0.34842423694239305,
      "relevance_mean": 0.985,
      "relevance_std": 0.09233092656309694,
      "average_mean": 0.8814333333333334,
      "average_std": 0.19360211488743836
    },
    "baseline_rag": {
      "factuality_mean": 0.0,
      "factuality_std": 0.0,
      "relevance_mean": 0.0,
      "relevance_std": 0.0,
      "average_mean": 0.0,
      "average_std": 0.0
    },
    "fine_tuned": {
      "factuality_mean": 0.6563333333333333,
      "factuality_std": 0.4370849142011449,
      "relevance_mean": 0.7548666666666666,
      "relevance_std": 0.3873873800502827,
      "average_mean": 0.7056,
      "average_std": 0.3467553989005314
    },
    "fine_tuned_rag": {
      "factuality_mean": 0.0,
      "factuality_std": 0.0,
      "relevance_mean": 0.0,
      "relevance_std": 0.0,
      "average_mean": 0.0,
      "average_std": 0.0
    }
  },
  "detailed": {
    "baseline": {
      "factuality": [
        0.7,
        0.5,
        0.8,
        1.0,
        1.0,
        1.0,
        1.0,
        0.5,
        1.0,
        1.0,
        1.0,
        1.0,
        1.0,
        1.0,
        0.9,
        1.0,
        1.0,
        1.0,
        1.0,
        0.5,
        0.5,
        1.0,
        0.0,
        1.0,
        1.0,
        0.5,
        1.0,
        0.5,
        1.0,
        1.0,
        1.0,
        1.0,
        1.0,
        0.9,
        1.0,
        0.0,
        1.0,
        1.0,
        0.0,
        0.0,
        0.5,
        0.5,
        1.0,
        1.0,
        0.0,
        1.0,
        1.0,
        1.0,
        1.0,
        0.9,
        1.0,
        0.8,
        0.0,
        1.0,
        0.0,
        0.9,
        0.0,
        0.0,
        1.0,
        0.5,
        1.0,
        0.9,
        0.0,
        1.0,
        0.9,
        0.5,
        1.0,
        1.0,
        1.0,
        1.0,
        0.0,
        0.0,
        1.0,
        0.5,
        1.0,
        1.0,
        0.8,
        1.0,
        1.0,
        1.0,
        1.0,
        1.0,
        1.0,
        1.0,
        0.0,
        0.5,
        1.0,
        0.9,
        0.0,
        0.9,
        1.0,
        1.0,
        0.5,
        1.0,
        1.0,
        1.0,
        1.0,
        1.0,
        1.0,
        1.0,
        0.95,
        1.0,
        1.0,
        0.7,
        1.0,
        0.5,
        0.8,
        1.0,
        1.0,
        1.0,
        0.8,
        1.0,
        1.0,
        1.0,
        0.7,
        0.0,
        1.0,
        0.9,
        1.0,
        1.0,
        1.0,
        0.5,
        0.0,
        0.0,
        1.0,
        1.0,
        0.0,
        0.0,
        1.0,
        1.0,
        0.5,
        1.0,
        0.8,
        1.0,
        0.7,
        1.0,
        1.0,
        0.7,
        1.0,
        0.5,
        0.7,
        1.0,
        1.0,
        1.0,
        0.33,
        1.0,
        0.8,
        1.0,
        0.0,
        1.0
      ],
      "relevance": [
        1.0,
        1.0,
        1.0,
        1.0,
        1.0,
        1.0,
        1.0,
        1.0,
        1.0,
        1.0,
        1.0,
        1.0,
        1.0,
        1.0,
        1.0,
        1.0,
        1.0,
        1.0,
        1.0,
        1.0,
        1.0,
        1.0,
        1.0,
        1.0,
        1.0,
        1.0,
        1.0,
        1.0,
        1.0,
        1.0,
        1.0,
        1.0,
        1.0,
        1.0,
        1.0,
        1.0,
        1.0,
        1.0,
        1.0,
        1.0,
        1.0,
        1.0,
        1.0,
        1.0,
        1.0,
        1.0,
        1.0,
        1.0,
        1.0,
        1.0,
        1.0,
        1.0,
        0.5,
        1.0,
        1.0,
        1.0,
        1.0,
        1.0,
        1.0,
        1.0,
        1.0,
        1.0,
        1.0,
        1.0,
        1.0,
        0.5,
        1.0,
        1.0,
        1.0,
        1.0,
        1.0,
        1.0,
        1.0,
        1.0,
        1.0,
        1.0,
        1.0,
        1.0,
        1.0,
        1.0,
        1.0,
        1.0,
        1.0,
        1.0,
        1.0,
        1.0,
        1.0,
        1.0,
        1.0,
        1.0,
        1.0,
        1.0,
        1.0,
        1.0,
        1.0,
        1.0,
        1.0,
        1.0,
        1.0,
        1.0,
        1.0,
        1.0,
        1.0,
        1.0,
        1.0,
        1.0,
        1.0,
        1.0,
        1.0,
        1.0,
        1.0,
        1.0,
        1.0,
        1.0,
        1.0,
        1.0,
        1.0,
        1.0,
        1.0,
        1.0,
        1.0,
        1.0,
        0.5,
        1.0,
        1.0,
        1.0,
        1.0,
        0.25,
        1.0,
        1.0,
        1.0,
        1.0,
        1.0,
        1.0,
        1.0,
        1.0,
        1.0,
        1.0,
        1.0,
        1.0,
        1.0,
        1.0,
        1.0,
        1.0,
        1.0,
        1.0,
        1.0,
        1.0,
        1.0,
        1.0
      ],
      "average": [
        0.85,
        0.75,
        0.9,
        1.0,
        1.0,
        1.0,
        1.0,
        0.75,
        1.0,
        1.0,
        1.0,
        1.0,
        1.0,
        1.0,
        0.95,
        1.0,
        1.0,
        1.0,
        1.0,
        0.75,
        0.75,
        1.0,
        0.5,
        1.0,
        1.0,
        0.75,
        1.0,
        0.75,
        1.0,
        1.0,
        1.0,
        1.0,
        1.0,
        0.95,
        1.0,
        0.5,
        1.0,
        1.0,
        0.5,
        0.5,
        0.75,
        0.75,
        1.0,
        1.0,
        0.5,
        1.0,
        1.0,
        1.0,
        1.0,
        0.95,
        1.0,
        0.9,
        0.25,
        1.0,
        0.5,
        0.95,
        0.5,
        0.5,
        1.0,
        0.75,
        1.0,
        0.95,
        0.5,
        1.0,
        0.95,
        0.5,
        1.0,
        1.0,
        1.0,
        1.0,
        0.5,
        0.5,
        1.0,
        0.75,
        1.0,
        1.0,
        0.9,
        1.0,
        1.0,
        1.0,
        1.0,
        1.0,
        1.0,
        1.0,
        0.5,
        0.75,
        1.0,
        0.95,
        0.5,
        0.95,
        1.0,
        1.0,
        0.75,
        1.0,
        1.0,
        1.0,
        1.0,
        1.0,
        1.0,
        1.0,
        0.975,
        1.0,
        1.0,
        0.85,
        1.0,
        0.75,
        0.9,
        1.0,
        1.0,
        1.0,
        0.9,
        1.0,
        1.0,
        1.0,
        0.85,
        0.5,
        1.0,
        0.95,
        1.0,
        1.0,
        1.0,
        0.75,
        0.25,
        0.5,
        1.0,
        1.0,
        0.5,
        0.125,
        1.0,
        1.0,
        0.75,
        1.0,
        0.9,
        1.0,
        0.85,
        1.0,
        1.0,
        0.85,
        1.0,
        0.75,
        0.85,
        1.0,
        1.0,
        1.0,
        0.665,
        1.0,
        0.9,
        1.0,
        0.5,
        1.0
      ]
    },
    "baseline_rag": {
      "factuality": [],
      "relevance": [],
      "average": []
    },